,V1,V2
1,0,0
2,0,805
3,0,1171
4,0,20
5,1,1
6,1,285
7,1,277
8,1,944
9,2,2
10,2,41
11,2,584
12,3,3
13,3,332
14,3,584
15,3,1106
16,3,381
17,4,4
18,4,1466
19,4,278
20,4,20
21,5,5
22,5,1476
23,5,1489
24,6,6
25,6,1132
26,6,302
27,7,7
28,7,1463
29,7,1507
30,7,278
31,8,8
32,8,48
33,9,9
34,9,575
35,9,634
36,9,573
37,9,321
38,10,10
39,10,565
40,10,560
41,11,11
42,11,623
43,12,12
44,12,1199
45,12,902
46,12,1469
47,13,13
48,13,476
49,13,1338
50,13,1327
51,14,14
52,14,83
53,14,336
54,14,571
55,15,15
56,15,1641
57,16,16
58,16,703
59,16,1764
60,16,77
61,17,17
62,18,18
63,19,19
64,19,624
65,19,225
66,20,20
67,20,0
68,20,4
69,20,278
70,20,1466
71,21,21
72,21,366
73,21,69
74,22,22
75,22,89
76,22,354
77,23,23
78,23,585
79,23,641
80,23,651
81,24,24
82,24,346
83,24,315
84,24,231
85,25,25
86,25,773
87,25,334
88,26,26
89,26,834
90,26,808
91,26,34
92,26,295
93,27,27
94,27,865
95,27,310
96,28,28
97,28,614
98,28,327
99,28,339
100,29,29
101,29,630
102,30,30
103,31,31
104,32,32
105,33,33
106,34,34
107,34,572
108,34,281
109,34,295
110,34,26
111,35,35
112,35,1302
113,35,292
114,36,36
115,36,260
116,36,83
117,37,37
118,37,1024
119,38,38
120,38,188
121,38,663
122,39,39
123,39,307
124,39,666
125,39,302
126,39,226
127,40,40
128,41,41
129,41,2
130,41,332
131,41,608
132,42,42
133,42,1325
134,42,1394
135,42,1281
136,42,287
137,43,43
138,43,169
139,43,624
140,43,590
141,43,618
142,44,44
143,44,335
144,45,45
145,45,146
146,46,46
147,46,595
148,46,297
149,46,292
150,47,47
151,48,48
152,48,323
153,48,8
154,49,49
155,49,164
156,50,50
157,50,372
158,51,51
159,51,299
160,51,1784
161,52,52
162,52,293
163,53,53
164,53,297
165,54,54
166,54,687
167,55,55
168,55,65
169,55,628
170,56,56
171,56,319
172,56,1391
173,56,300
174,57,57
175,57,68
176,57,153
177,58,58
178,59,59
179,59,543
180,60,60
181,60,599
182,61,61
183,61,151
184,61,153
185,62,62
186,63,63
187,63,825
188,64,64
189,64,329
190,65,65
191,65,55
192,65,628
193,65,587
194,66,66
195,66,598
196,66,352
197,67,67
198,67,438
199,67,315
200,67,71
201,68,68
202,68,57
203,68,519
204,69,69
205,69,663
206,69,135
207,69,21
208,69,751
209,70,70
210,70,415
211,70,226
212,70,416
213,71,71
214,71,1325
215,71,67
216,71,1101
217,72,72
218,72,47
219,72,1056
220,72,140
221,73,73
222,73,123
223,74,74
224,74,336
225,74,634
226,75,75
227,76,76
228,76,634
229,77,77
230,77,724
231,77,1687
232,77,16
233,77,230
234,78,78
235,79,79
236,79,595
237,80,80
238,80,628
239,81,81
240,81,676
241,81,1832
242,81,214
243,82,82
244,83,83
245,83,439
246,83,14
247,83,36
248,83,631
249,84,84
250,85,85
251,85,97
252,85,340
253,85,1664
254,86,86
255,86,628
256,86,594
257,86,290
258,86,345
259,87,87
260,87,326
261,87,626
262,87,490
263,88,88
264,88,719
265,89,89
266,89,1649
267,89,22
268,89,1299
269,90,90
270,90,564
271,90,660
272,90,613
273,91,91
274,91,632
275,91,348
276,92,92
277,92,308
278,93,93
279,93,798
280,94,94
281,95,95
282,96,96
283,96,419
284,96,752
285,97,97
286,97,85
287,97,1664
288,97,571
289,97,173
290,98,98
291,99,99
292,99,633
293,100,100
294,100,739
295,100,269
296,100,564
297,101,101
298,101,58
299,102,102
300,102,1348
301,102,1655
302,103,103
303,104,104
304,105,105
305,106,106
306,107,107
307,108,108
308,109,109
309,109,762
310,110,110
311,110,367
312,111,111
313,111,308
314,112,112
315,113,113
316,113,179
317,113,400
318,113,1089
319,114,114
320,115,115
321,116,116
322,117,117
323,118,118
324,119,119
325,120,120
326,120,1445
327,120,797
328,121,121
329,121,1426
330,121,764
331,122,122
332,122,410
333,123,123
334,123,329
335,123,73
336,124,124
337,125,125
338,126,126
339,126,372
340,127,127
341,127,104
342,128,128
343,128,425
344,128,328
345,129,129
346,130,130
347,130,459
348,130,654
349,130,350
350,130,318
351,131,131
352,131,573
353,132,132
354,132,437
355,132,784
356,132,308
357,132,169
358,133,133
359,133,1222
360,133,421
361,134,134
362,134,499
363,135,135
364,135,751
365,135,69
366,135,376
367,136,136
368,137,137
369,138,138
370,138,709
371,138,604
372,138,730
373,138,162
374,139,139
375,139,597
376,139,441
377,140,140
378,140,1671
379,140,72
380,141,141
381,141,123
382,142,142
383,142,301
384,142,665
385,143,143
386,143,725
387,144,144
388,144,699
389,144,486
390,144,691
391,145,145
392,146,146
393,146,482
394,147,147
395,147,442
396,147,673
397,147,384
398,147,66
399,148,148
400,149,149
401,150,150
402,151,151
403,151,798
404,151,61
405,152,152
406,153,153
407,153,61
408,153,57
409,154,154
410,155,155
411,155,426
412,155,317
413,156,156
414,157,157
415,157,502
416,158,158
417,158,347
418,158,1350
419,158,367
420,159,159
421,159,406
422,159,202
423,159,499
424,160,160
425,161,161
426,161,371
427,162,162
428,162,246
429,162,709
430,162,488
431,162,138
432,163,163
433,163,1026
434,163,1445
435,164,164
436,164,49
437,164,496
438,165,165
439,165,333
440,166,166
441,166,236
442,167,167
443,167,459
444,167,755
445,168,168
446,168,611
447,168,341
448,169,169
449,169,43
450,169,1427
451,169,170
452,169,132
453,170,170
454,170,639
455,170,590
456,170,169
457,171,171
458,172,172
459,172,285
460,173,173
461,173,571
462,173,323
463,173,97
464,174,174
465,174,126
466,175,175
467,176,176
468,176,414
469,177,177
470,177,1710
471,178,178
472,179,179
473,179,113
474,180,180
475,181,181
476,181,182
477,181,263
478,182,182
479,182,700
480,183,183
481,184,184
482,184,324
483,184,671
484,185,185
485,186,186
486,186,466
487,187,187
488,188,188
489,188,38
490,188,590
491,188,656
492,188,663
493,189,189
494,189,252
495,189,716
496,190,190
497,190,704
498,191,191
499,191,730
500,191,709
501,192,192
502,193,193
503,194,194
504,195,195
505,196,196
506,197,197
507,197,398
508,198,198
509,198,404
510,198,700
511,198,502
512,198,783
513,199,199
514,199,266
515,199,770
516,200,200
517,200,516
518,200,269
519,200,652
520,201,201
521,202,202
522,202,159
523,202,406
524,203,203
525,204,204
526,204,615
527,204,485
528,205,205
529,205,346
530,206,206
531,206,694
532,206,196
533,206,616
534,207,207
535,208,208
536,208,581
537,209,209
538,210,210
539,210,255
540,210,434
541,211,211
542,211,692
543,211,33
544,211,1466
545,211,490
546,212,212
547,212,286
548,212,574
549,212,285
550,212,591
551,213,213
552,213,1666
553,214,214
554,214,596
555,214,81
556,215,215
557,215,237
558,215,437
559,216,216
560,217,217
561,218,218
562,218,149
563,218,740
564,218,473
565,219,219
566,219,726
567,220,220
568,220,1171
569,221,221
570,222,222
571,222,1832
572,222,422
573,223,223
574,223,259
575,223,655
576,224,224
577,224,408
578,225,225
579,225,19
580,225,476
581,226,226
582,226,70
583,226,39
584,227,227
585,227,1065
586,228,228
587,228,309
588,229,229
589,229,1085
590,230,230
591,230,1113
592,230,495
593,230,1687
594,230,77
595,231,231
596,231,660
597,231,24
598,231,315
599,232,232
600,232,674
601,232,538
602,233,233
603,233,1082
604,234,234
605,235,235
606,235,436
607,236,236
608,236,1390
609,236,166
610,237,237
611,237,637
612,237,215
613,238,238
614,239,239
615,239,535
616,240,240
617,240,553
618,240,473
619,241,241
620,241,478
621,241,732
622,242,242
623,242,728
624,243,243
625,243,983
626,244,244
627,245,245
628,245,729
629,245,501
630,246,246
631,246,162
632,246,800
633,246,709
634,247,247
635,248,248
636,249,249
637,249,435
638,249,485
639,249,1807
640,249,1819
641,250,250
642,250,403
643,250,494
644,251,251
645,251,801
646,251,682
647,252,252
648,252,189
649,252,525
650,253,253
651,253,326
652,254,254
653,255,255
654,256,256
655,257,257
656,257,487
657,258,258
658,259,259
659,259,223
660,260,260
661,260,36
662,261,261
663,261,722
664,262,262
665,263,263
666,263,783
667,264,264
668,264,1750
669,265,265
670,266,266
671,266,788
672,266,199
673,266,436
674,267,267
675,268,268
676,268,1069
677,268,550
678,269,269
679,269,516
680,269,652
681,269,200
682,269,100
683,270,270
684,271,271
685,271,518
686,272,272
687,272,847
688,272,890
689,273,273
690,273,1026
691,273,1203
692,273,1150
693,274,274
694,274,1149
695,275,275
696,275,306
697,276,276
698,276,1562
699,276,1129
700,277,277
701,277,944
702,277,1
703,277,285
704,278,278
705,278,4
706,278,7
707,278,1466
708,278,20
709,279,279
710,279,1167
711,279,1166
712,280,280
713,280,334
714,280,569
715,281,281
716,281,34
717,281,572
718,282,282
719,282,314
720,283,283
721,284,284
722,284,330
723,284,1158
724,284,1067
725,285,285
726,285,1
727,285,172
728,285,277
729,285,212
730,286,286
731,286,212
732,286,591
733,286,570
734,286,574
735,287,287
736,287,317
737,287,725
738,287,426
739,287,42
740,288,288
741,288,982
742,288,1571
743,289,289
744,289,781
745,289,291
746,289,593
747,290,290
748,290,587
749,290,86
750,290,682
751,290,345
752,291,291
753,291,289
754,291,292
755,291,573
756,291,1374
757,292,292
758,292,291
759,292,35
760,292,439
761,292,46
762,293,293
763,293,52
764,293,642
765,294,294
766,295,295
767,295,583
768,295,834
769,295,34
770,295,26
771,296,296
772,296,808
773,296,583
774,297,297
775,297,53
776,297,595
777,297,46
778,298,298
779,299,299
780,299,1068
781,299,51
782,299,1521
783,299,1655
784,300,300
785,300,319
786,300,56
787,301,301
788,301,142
789,301,366
790,301,665
791,302,302
792,302,6
793,302,39
794,302,624
795,302,479
796,303,303
797,304,304
798,305,305
799,306,306
800,306,275
801,307,307
802,307,39
803,307,479
804,307,666
805,308,308
806,308,111
807,308,92
808,308,132
809,309,309
810,309,228
811,310,310
812,310,413
813,310,27
814,311,311
815,312,312
816,313,313
817,314,314
818,314,719
819,314,282
820,314,621
821,315,315
822,315,564
823,315,24
824,315,231
825,315,67
826,316,316
827,317,317
828,317,287
829,317,600
830,317,426
831,317,155
832,318,318
833,318,695
834,318,714
835,318,47
836,319,319
837,319,56
838,319,300
839,320,320
840,320,923
841,320,327
842,321,321
843,321,622
844,321,9
845,322,322
846,323,323
847,323,48
848,323,173
849,324,324
850,324,184
851,324,474
852,325,325
853,325,1391
854,326,326
855,326,87
856,327,327
857,327,320
858,327,28
859,328,328
860,328,425
861,328,128
862,328,695
863,328,427
864,329,329
865,329,424
866,330,330
867,330,284
868,330,1243
869,330,1579
870,331,331
871,332,332
872,332,3
873,332,608
874,332,41
875,332,381
876,333,333
877,334,334
878,334,280
879,334,569
880,334,25
881,335,335
882,335,44
883,336,336
884,336,74
885,336,14
886,337,337
887,338,338
888,339,339
889,339,28
890,339,614
891,339,770
892,340,340
893,340,85
894,340,404
895,341,341
896,341,733
897,341,611
898,342,342
899,343,343
900,344,344
901,345,345
902,345,594
903,345,587
904,345,290
905,345,86
906,346,346
907,346,205
908,346,24
909,347,347
910,347,1350
911,347,158
912,347,410
913,348,348
914,348,91
915,349,349
916,350,350
917,350,654
918,351,351
919,351,646
920,352,352
921,352,355
922,352,442
923,352,66
924,352,33
925,353,353
926,354,354
927,354,22
928,354,562
929,354,1487
930,355,355
931,355,352
932,356,356
933,356,1099
934,356,454
935,357,357
936,357,640
937,357,743
938,358,358
939,359,359
940,359,443
941,359,632
942,360,360
943,360,1504
944,361,361
945,361,1330
946,361,1082
947,361,1436
948,362,362
949,363,363
950,363,491
951,363,588
952,364,364
953,364,413
954,364,366
955,365,365
956,366,366
957,366,21
958,366,364
959,366,301
960,366,751
961,367,367
962,367,110
963,367,374
964,367,158
965,368,368
966,368,804
967,368,398
968,369,369
969,369,755
970,370,370
971,370,451
972,370,739
973,370,468
974,370,588
975,371,371
976,372,372
977,372,126
978,372,50
979,372,635
980,373,373
981,374,374
982,374,410
983,374,367
984,375,375
985,376,376
986,376,1427
987,376,618
988,376,708
989,377,377
990,378,378
991,379,379
992,380,380
993,380,666
994,381,381
995,381,1578
996,381,1194
997,381,3
998,381,332
999,382,382
1000,382,1092
1001,383,383
1002,384,384
1003,385,385
1004,385,398
1005,386,386
1006,387,387
1007,387,1788
1008,387,601
1009,387,1765
1010,388,388
1011,389,389
1012,389,603
1013,389,423
1014,390,390
1015,390,737
1016,390,87
1017,391,391
1018,392,392
1019,392,671
1020,392,683
1021,393,393
1022,394,394
1023,394,331
1024,395,395
1025,395,433
1026,396,396
1027,397,397
1028,397,496
1029,397,466
1030,398,398
1031,398,385
1032,398,197
1033,398,368
1034,399,399
1035,400,400
1036,400,113
1037,400,426
1038,401,401
1039,401,1307
1040,402,402
1041,402,448
1042,402,425
1043,403,403
1044,403,250
1045,403,762
1046,403,430
1047,404,404
1048,404,340
1049,404,783
1050,404,763
1051,405,405
1052,405,331
1053,406,406
1054,406,159
1055,406,481
1056,406,202
1057,407,407
1058,407,803
1059,408,408
1060,409,409
1061,409,525
1062,410,410
1063,410,374
1064,410,122
1065,410,347
1066,411,411
1067,411,641
1068,411,1795
1069,411,485
1070,412,412
1071,412,488
1072,412,604
1073,412,730
1074,413,413
1075,413,310
1076,414,414
1077,415,415
1078,415,70
1079,415,665
1080,415,437
1081,415,1427
1082,416,416
1083,416,764
1084,416,70
1085,417,417
1086,417,1791
1087,417,635
1088,417,425
1089,418,418
1090,418,511
1091,418,486
1092,419,419
1093,419,96
1094,420,420
1095,420,405
1096,421,421
1097,421,133
1098,422,422
1099,422,486
1100,422,456
1101,423,423
1102,423,676
1103,423,505
1104,423,389
1105,424,424
1106,424,329
1107,425,425
1108,425,128
1109,425,328
1110,425,402
1111,425,417
1112,426,426
1113,426,155
1114,426,400
1115,426,317
1116,426,287
1117,427,427
1118,427,384
1119,427,66
1120,427,328
1121,428,428
1122,429,429
1123,430,430
1124,430,517
1125,430,728
1126,430,403
1127,431,431
1128,431,765
1129,431,535
1130,431,536
1131,431,743
1132,432,432
1133,433,433
1134,433,395
1135,433,1664
1136,434,434
1137,434,565
1138,435,435
1139,435,249
1140,435,615
1141,435,1807
1142,435,651
1143,436,436
1144,437,437
1145,437,132
1146,437,215
1147,437,415
1148,438,438
1149,438,67
1150,438,527
1151,438,468
1152,439,439
1153,439,83
1154,439,292
1155,440,440
1156,441,441
1157,441,139
1158,442,442
1159,442,147
1160,442,352
1161,443,443
1162,443,1329
1163,443,359
1164,443,1022
1165,444,444
1166,444,623
1167,445,445
1168,446,446
1169,446,460
1170,447,447
1171,448,448
1172,448,747
1173,448,626
1174,448,402
1175,449,449
1176,449,473
1177,449,552
1178,450,450
1179,450,605
1180,450,1338
1181,451,451
1182,451,370
1183,451,468
1184,452,452
1185,452,141
1186,453,453
1187,454,454
1188,454,356
1189,455,455
1190,455,276
1191,455,326
1192,456,456
1193,456,422
1194,456,723
1195,457,457
1196,457,490
1197,458,458
1198,459,459
1199,459,167
1200,460,460
1201,461,461
1202,462,462
1203,463,463
1204,463,687
1205,464,464
1206,465,465
1207,465,748
1208,466,466
1209,466,186
1210,466,397
1211,466,1772
1212,467,467
1213,467,203
1214,467,1104
1215,467,772
1216,467,1720
1217,468,468
1218,468,451
1219,468,438
1220,468,370
1221,469,469
1222,469,1034
1223,470,470
1224,471,471
1225,471,203
1226,471,524
1227,472,472
1228,472,402
1229,473,473
1230,473,449
1231,473,240
1232,473,218
1233,474,474
1234,474,534
1235,474,324
1236,474,600
1237,475,475
1238,475,64
1239,476,476
1240,476,1076
1241,476,13
1242,476,1327
1243,476,225
1244,477,477
1245,477,405
1246,478,478
1247,478,1062
1248,479,479
1249,479,307
1250,479,708
1251,479,302
1252,479,618
1253,480,480
1254,480,1839
1255,481,481
1256,481,406
1257,481,675
1258,481,94
1259,482,482
1260,482,146
1261,482,195
1262,483,483
1263,483,532
1264,484,484
1265,485,485
1266,485,249
1267,485,204
1268,485,411
1269,485,1795
1270,486,486
1271,486,422
1272,486,418
1273,487,487
1274,487,768
1275,487,735
1276,488,488
1277,488,412
1278,488,162
1279,489,489
1280,490,490
1281,490,457
1282,490,33
1283,490,87
1284,490,211
1285,491,491
1286,491,363
1287,491,600
1288,492,492
1289,493,493
1290,493,208
1291,494,494
1292,495,495
1293,495,230
1294,495,724
1295,495,1113
1296,496,496
1297,496,164
1298,496,397
1299,497,497
1300,497,423
1301,497,1445
1302,498,498
1303,499,499
1304,499,521
1305,499,159
1306,499,134
1307,500,500
1308,500,78
1309,501,501
1310,501,245
1311,502,502
1312,502,157
1313,503,503
1314,503,176
1315,504,504
1316,505,505
1317,505,423
1318,506,506
1319,506,1724
1320,507,507
1321,508,508
1322,508,627
1323,509,509
1324,510,510
1325,510,75
1326,511,511
1327,511,418
1328,512,512
1329,513,513
1330,513,615
1331,514,514
1332,515,515
1333,516,516
1334,516,269
1335,516,200
1336,517,517
1337,517,603
1338,517,430
1339,518,518
1340,518,549
1341,519,519
1342,519,68
1343,520,520
1344,520,1076
1345,521,521
1346,522,522
1347,522,196
1348,523,523
1349,523,796
1350,524,524
1351,524,743
1352,524,471
1353,525,525
1354,525,252
1355,525,735
1356,525,409
1357,526,526
1358,527,527
1359,527,438
1360,528,528
1361,529,529
1362,530,530
1363,530,1452
1364,530,521
1365,530,732
1366,531,531
1367,531,214
1368,531,511
1369,531,848
1370,532,532
1371,532,1782
1372,533,533
1373,534,534
1374,534,474
1375,535,535
1376,535,239
1377,535,765
1378,535,431
1379,536,536
1380,536,677
1381,536,431
1382,537,537
1383,538,538
1384,538,232
1385,539,539
1386,539,756
1387,540,540
1388,540,444
1389,541,541
1390,541,1104
1391,542,542
1392,542,789
1393,542,695
1394,543,543
1395,543,59
1396,544,544
1397,544,506
1398,545,545
1399,546,546
1400,547,547
1401,548,548
1402,548,501
1403,549,549
1404,549,795
1405,549,518
1406,550,550
1407,550,268
1408,550,713
1409,551,551
1410,551,682
1411,551,594
1412,552,552
1413,552,449
1414,552,716
1415,553,553
1416,553,240
1417,554,554
1418,554,1436
1419,555,555
1420,555,134
1421,556,556
1422,557,557
1423,558,558
1424,559,559
1425,559,598
1426,559,1117
1427,560,560
1428,560,10
1429,561,561
1430,561,643
1431,562,562
1432,562,596
1433,562,354
1434,563,563
1435,564,564
1436,564,315
1437,564,613
1438,564,90
1439,564,100
1440,565,565
1441,565,10
1442,565,658
1443,565,598
1444,565,434
1445,566,566
1446,566,592
1447,566,622
1448,567,567
1449,568,568
1450,568,1521
1451,569,569
1452,569,334
1453,569,280
1454,570,570
1455,570,591
1456,570,944
1457,570,574
1458,570,286
1459,571,571
1460,571,173
1461,571,97
1462,571,14
1463,572,572
1464,572,34
1465,572,281
1466,573,573
1467,573,631
1468,573,131
1469,573,9
1470,573,291
1471,574,574
1472,574,212
1473,574,591
1474,574,570
1475,574,286
1476,575,575
1477,575,9
1478,576,576
1479,576,1481
1480,576,1181
1481,577,577
1482,578,578
1483,579,579
1484,579,1305
1485,580,580
1486,581,581
1487,582,582
1488,582,602
1489,583,583
1490,583,295
1491,583,296
1492,583,808
1493,584,584
1494,584,602
1495,584,3
1496,584,2
1497,585,585
1498,585,23
1499,585,703
1500,585,641
1501,586,586
1502,586,647
1503,587,587
1504,587,290
1505,587,345
1506,587,65
1507,588,588
1508,588,363
1509,588,370
1510,589,589
1511,589,638
1512,590,590
1513,590,188
1514,590,639
1515,590,43
1516,590,170
1517,591,591
1518,591,574
1519,591,570
1520,591,286
1521,591,212
1522,592,592
1523,592,566
1524,592,1405
1525,593,593
1526,593,289
1527,594,594
1528,594,345
1529,594,86
1530,594,551
1531,595,595
1532,595,46
1533,595,79
1534,595,297
1535,596,596
1536,596,214
1537,596,562
1538,597,597
1539,597,139
1540,598,598
1541,598,66
1542,598,559
1543,598,565
1544,598,692
1545,599,599
1546,599,60
1547,600,600
1548,600,491
1549,600,317
1550,600,474
1551,601,601
1552,601,387
1553,601,1096
1554,602,602
1555,602,584
1556,602,1200
1557,602,582
1558,603,603
1559,603,517
1560,603,389
1561,603,676
1562,604,604
1563,604,730
1564,604,138
1565,604,412
1566,605,605
1567,605,450
1568,606,606
1569,607,607
1570,608,608
1571,608,332
1572,608,41
1573,609,609
1574,610,610
1575,610,1810
1576,611,611
1577,612,612
1578,612,1326
1579,612,1417
1580,613,613
1581,613,564
1582,613,90
1583,614,614
1584,614,28
1585,614,339
1586,615,615
1587,615,204
1588,615,513
1589,615,435
1590,616,616
1591,617,617
1592,618,618
1593,618,708
1594,618,376
1595,618,479
1596,618,43
1597,619,619
1598,619,1093
1599,619,1837
1600,620,620
1601,621,621
1602,621,719
1603,621,314
1604,622,622
1605,622,566
1606,622,321
1607,623,623
1608,623,444
1609,624,624
1610,624,19
1611,624,43
1612,624,302
1613,625,625
1614,625,634
1615,626,626
1616,626,87
1617,627,627
1618,627,1584
1619,628,628
1620,628,86
1621,628,65
1622,628,80
1623,628,55
1624,629,629
1625,630,630
1626,630,29
1627,631,631
1628,631,573
1629,631,83
1630,632,632
1631,632,91
1632,632,597
1633,633,633
1634,633,99
1635,634,634
1636,634,625
1637,634,9
1638,634,76
1639,634,74
1640,635,635
1641,635,1022
1642,635,1791
1643,635,372
1644,636,636
1645,637,637
1646,637,294
1647,637,237
1648,638,638
1649,638,589
1650,638,711
1651,639,639
1652,639,170
1653,639,590
1654,640,640
1655,640,357
1656,641,641
1657,641,411
1658,641,651
1659,641,23
1660,641,585
1661,642,642
1662,642,293
1663,642,1650
1664,643,643
1665,643,752
1666,643,561
1667,644,644
1668,645,645
1669,646,646
1670,646,351
1671,647,647
1672,647,586
1673,648,648
1674,649,649
1675,650,650
1676,650,75
1677,650,348
1678,651,651
1679,651,641
1680,651,703
1681,651,435
1682,651,23
1683,652,652
1684,652,660
1685,652,269
1686,652,200
1687,653,653
1688,654,654
1689,654,350
1690,655,655
1691,655,223
1692,656,656
1693,656,663
1694,656,188
1695,656,708
1696,657,657
1697,657,1766
1698,658,658
1699,658,565
1700,659,659
1701,659,1283
1702,660,660
1703,660,652
1704,660,231
1705,660,90
1706,661,661
1707,662,662
1708,662,720
1709,663,663
1710,663,656
1711,663,69
1712,663,38
1713,663,188
1714,664,664
1715,665,665
1716,665,415
1717,665,142
1718,665,301
1719,666,666
1720,666,380
1721,666,39
1722,666,307
1723,667,667
1724,668,668
1725,669,669
1726,670,670
1727,670,326
1728,671,671
1729,671,184
1730,671,392
1731,672,672
1732,673,673
1733,673,331
1734,674,674
1735,674,232
1736,675,675
1737,676,676
1738,676,423
1739,676,81
1740,676,430
1741,676,603
1742,677,677
1743,678,678
1744,678,1705
1745,679,679
1746,680,680
1747,681,681
1748,681,1119
1749,682,682
1750,682,551
1751,682,251
1752,682,290
1753,683,683
1754,683,392
1755,684,684
1756,684,348
1757,685,685
1758,685,58
1759,685,726
1760,686,686
1761,686,697
1762,686,707
1763,686,255
1764,687,687
1765,687,128
1766,688,688
1767,689,689
1768,689,716
1769,690,690
1770,691,691
1771,692,692
1772,692,211
1773,692,33
1774,692,559
1775,692,598
1776,693,693
1777,694,694
1778,694,206
1779,694,95
1780,694,329
1781,695,695
1782,695,318
1783,695,328
1784,696,696
1785,696,348
1786,697,697
1787,697,686
1788,698,698
1789,698,1307
1790,698,1725
1791,699,699
1792,699,144
1793,699,1452
1794,699,1063
1795,700,700
1796,700,182
1797,700,378
1798,701,701
1799,701,1736
1800,701,44
1801,702,702
1802,702,460
1803,702,626
1804,703,703
1805,703,16
1806,703,1795
1807,703,651
1808,703,585
1809,704,704
1810,704,787
1811,705,705
1812,706,706
1813,707,707
1814,707,1618
1815,707,686
1816,708,708
1817,708,618
1818,708,479
1819,708,656
1820,708,376
1821,709,709
1822,709,138
1823,709,246
1824,709,191
1825,709,162
1826,710,710
1827,710,355
1828,711,711
1829,711,638
1830,712,712
1831,713,713
1832,713,745
1833,713,550
1834,714,714
1835,714,318
1836,714,47
1837,715,715
1838,715,47
1839,715,673
1840,716,716
1841,716,689
1842,716,189
1843,717,717
1844,717,1094
1845,717,1060
1846,717,1107
1847,718,718
1848,719,719
1849,719,314
1850,719,621
1851,719,88
1852,720,720
1853,720,107
1854,721,721
1855,722,722
1856,722,261
1857,723,723
1858,724,724
1859,724,77
1860,724,495
1861,724,1113
1862,725,725
1863,725,287
1864,725,143
1865,726,726
1866,726,219
1867,726,535
1868,726,685
1869,727,727
1870,727,743
1871,728,728
1872,728,430
1873,729,729
1874,729,245
1875,730,730
1876,730,604
1877,730,191
1878,730,412
1879,730,138
1880,731,731
1881,732,732
1882,732,1533
1883,732,241
1884,732,530
1885,733,733
1886,733,341
1887,734,734
1888,735,735
1889,735,768
1890,735,525
1891,735,770
1892,735,487
1893,736,736
1894,736,11
1895,737,737
1896,737,733
1897,737,1329
1898,738,738
1899,739,739
1900,739,100
1901,739,370
1902,740,740
1903,740,218
1904,741,741
1905,742,742
1906,743,743
1907,743,727
1908,743,357
1909,743,431
1910,744,744
1911,745,745
1912,745,713
1913,746,746
1914,747,747
1915,747,448
1916,748,748
1917,749,749
1918,750,750
1919,750,749
1920,751,751
1921,751,135
1922,751,380
1923,751,69
1924,751,366
1925,752,752
1926,752,643
1927,752,96
1928,753,753
1929,753,365
1930,754,754
1931,754,1059
1932,755,755
1933,755,369
1934,755,611
1935,755,167
1936,756,756
1937,756,539
1938,757,757
1939,757,1443
1940,757,1330
1941,758,758
1942,759,759
1943,759,1646
1944,759,342
1945,760,760
1946,760,217
1947,761,761
1948,762,762
1949,762,109
1950,763,763
1951,763,502
1952,763,157
1953,763,783
1954,763,404
1955,764,764
1956,764,520
1957,764,416
1958,764,121
1959,764,776
1960,765,765
1961,765,431
1962,765,288
1963,765,535
1964,766,766
1965,766,581
1966,766,148
1967,767,767
1968,768,768
1969,768,735
1970,768,487
1971,768,801
1972,769,769
1973,770,770
1974,770,339
1975,770,199
1976,770,735
1977,771,771
1978,771,785
1979,772,772
1980,773,773
1981,773,25
1982,773,398
1983,774,774
1984,774,1053
1985,774,1777
1986,775,775
1987,775,1400
1988,775,1451
1989,776,776
1990,776,388
1991,776,764
1992,777,777
1993,778,778
1994,778,369
1995,779,779
1996,780,780
1997,780,944
1998,781,781
1999,781,289
2000,782,782
2001,783,783
2002,783,263
2003,783,763
2004,783,404
2005,784,784
2006,784,1415
2007,784,27
2008,784,132
2009,785,785
2010,785,771
2011,786,786
2012,787,787
2013,787,704
2014,788,788
2015,788,266
2016,788,436
2017,788,689
2018,789,789
2019,789,542
2020,790,790
2021,791,791
2022,792,792
2023,793,793
2024,794,794
2025,795,795
2026,795,549
2027,796,796
2028,796,523
2029,797,797
2030,797,120
2031,798,798
2032,798,93
2033,798,151
2034,799,799
2035,800,800
2036,800,246
2037,801,801
2038,801,251
2039,801,768
2040,802,802
2041,803,803
2042,803,407
2043,804,804
2044,804,368
2045,804,385
2046,805,805
2047,805,0
2048,805,806
2049,805,824
2050,805,1186
2051,806,806
2052,806,821
2053,806,805
2054,807,807
2055,807,1485
2056,807,1134
2057,807,1456
2058,807,1457
2059,808,808
2060,808,296
2061,808,583
2062,808,26
2063,809,809
2064,810,810
2065,810,1250
2066,810,1233
2067,810,996
2068,811,811
2069,811,1219
2070,811,815
2071,811,1511
2072,811,1278
2073,812,812
2074,812,1576
2075,812,833
2076,813,813
2077,813,1177
2078,814,814
2079,814,1587
2080,814,1502
2081,814,891
2082,815,815
2083,815,1174
2084,815,811
2085,815,1126
2086,816,816
2087,816,830
2088,817,817
2089,817,930
2090,817,1611
2091,817,1564
2092,817,1525
2093,818,818
2094,818,1471
2095,818,1197
2096,818,1141
2097,819,819
2098,819,881
2099,820,820
2100,820,1127
2101,820,1209
2102,821,821
2103,821,1181
2104,821,881
2105,822,822
2106,822,1159
2107,822,1460
2108,822,1585
2109,822,1456
2110,823,823
2111,823,1117
2112,823,1470
2113,823,1135
2114,823,1120
2115,824,824
2116,824,1154
2117,824,805
2118,824,1126
2119,824,1181
2120,825,825
2121,826,826
2122,826,1673
2123,826,1010
2124,826,964
2125,827,827
2126,827,1589
2127,828,828
2128,828,997
2129,828,1608
2130,829,829
2131,829,892
2132,829,1139
2133,830,830
2134,830,816
2135,830,1459
2136,830,1505
2137,831,831
2138,831,1215
2139,832,832
2140,832,1574
2141,832,1532
2142,832,862
2143,833,833
2144,833,1178
2145,833,812
2146,834,834
2147,834,26
2148,834,295
2149,835,835
2150,835,1536
2151,835,1562
2152,835,840
2153,836,836
2154,836,877
2155,837,837
2156,837,1006
2157,837,1439
2158,837,886
2159,837,1141
2160,838,838
2161,838,966
2162,838,1299
2163,838,1195
2164,838,1259
2165,839,839
2166,840,840
2167,840,1476
2168,840,842
2169,840,1519
2170,840,835
2171,841,841
2172,841,875
2173,841,1226
2174,841,1517
2175,842,842
2176,842,1228
2177,842,1472
2178,843,843
2179,843,1033
2180,844,844
2181,845,845
2182,845,1531
2183,845,1221
2184,846,846
2185,846,863
2186,846,1469
2187,846,1006
2188,847,847
2189,847,272
2190,848,848
2191,848,1501
2192,849,849
2193,849,1185
2194,849,1169
2195,849,903
2196,849,919
2197,850,850
2198,850,898
2199,851,851
2200,851,911
2201,851,943
2202,852,852
2203,852,1289
2204,852,1597
2205,852,880
2206,853,853
2207,854,854
2208,854,1495
2209,854,1308
2210,855,855
2211,855,1160
2212,856,856
2213,856,1152
2214,856,893
2215,856,1267
2216,857,857
2217,857,1517
2218,857,1165
2219,858,858
2220,858,936
2221,859,859
2222,859,1172
2223,859,1201
2224,860,860
2225,860,1611
2226,860,1294
2227,861,861
2228,861,1243
2229,861,953
2230,861,1266
2231,862,862
2232,862,832
2233,862,1168
2234,862,929
2235,863,863
2236,863,846
2237,863,1649
2238,863,1062
2239,864,864
2240,864,1577
2241,864,1170
2242,865,865
2243,865,908
2244,865,27
2245,865,1240
2246,866,866
2247,866,1165
2248,866,999
2249,866,1474
2250,866,1560
2251,867,867
2252,868,868
2253,868,1527
2254,868,1161
2255,868,1494
2256,869,869
2257,869,1591
2258,869,1559
2259,869,1251
2260,869,950
2261,870,870
2262,870,998
2263,871,871
2264,871,887
2265,871,1276
2266,871,1570
2267,871,1602
2268,872,872
2269,872,1244
2270,873,873
2271,873,1000
2272,874,874
2273,874,1294
2274,874,1238
2275,874,1560
2276,874,999
2277,875,875
2278,875,841
2279,876,876
2280,876,1534
2281,876,1668
2282,877,877
2283,877,1482
2284,877,1512
2285,877,1486
2286,877,836
2287,878,878
2288,878,1551
2289,878,1219
2290,879,879
2291,879,1160
2292,879,1240
2293,879,1209
2294,880,880
2295,880,1567
2296,880,1597
2297,880,1633
2298,880,852
2299,881,881
2300,881,1175
2301,881,819
2302,881,821
2303,882,882
2304,882,1229
2305,882,1300
2306,882,1262
2307,882,1310
2308,883,883
2309,883,993
2310,884,884
2311,884,928
2312,884,1715
2313,884,1188
2314,885,885
2315,885,1462
2316,886,886
2317,886,1524
2318,886,837
2319,886,1006
2320,886,1062
2321,887,887
2322,887,871
2323,887,951
2324,887,1503
2325,887,1073
2326,888,888
2327,888,1658
2328,888,1516
2329,889,889
2330,889,1583
2331,889,1514
2332,889,1136
2333,890,890
2334,890,914
2335,890,1247
2336,890,272
2337,891,891
2338,891,814
2339,891,1588
2340,892,892
2341,892,829
2342,892,1576
2343,893,893
2344,893,856
2345,893,1574
2346,893,1559
2347,893,1251
2348,894,894
2349,895,895
2350,895,985
2351,895,1205
2352,895,1582
2353,896,896
2354,897,897
2355,898,898
2356,898,1139
2357,898,1499
2358,898,850
2359,899,899
2360,899,1275
2361,899,1512
2362,900,900
2363,901,901
2364,902,902
2365,902,1199
2366,902,12
2367,902,1183
2368,903,903
2369,903,1252
2370,903,1185
2371,903,849
2372,904,904
2373,904,1190
2374,905,905
2375,905,1005
2376,905,1211
2377,906,906
2378,906,1473
2379,907,907
2380,907,1603
2381,908,908
2382,908,865
2383,908,916
2384,908,1266
2385,909,909
2386,909,1491
2387,910,910
2388,910,1339
2389,910,992
2390,911,911
2391,911,851
2392,911,1581
2393,911,943
2394,912,912
2395,912,1592
2396,913,913
2397,913,1631
2398,913,1245
2399,913,1212
2400,913,1492
2401,914,914
2402,914,1193
2403,914,890
2404,915,915
2405,915,1284
2406,915,1396
2407,916,916
2408,916,908
2409,916,1269
2410,916,1384
2411,917,917
2412,917,1267
2413,918,918
2414,918,1601
2415,918,1689
2416,918,1544
2417,919,919
2418,919,1279
2419,919,1150
2420,919,849
2421,920,920
2422,920,963
2423,920,1548
2424,921,921
2425,921,965
2426,922,922
2427,922,1283
2428,922,1468
2429,922,1631
2430,923,923
2431,923,320
2432,924,924
2433,924,1542
2434,924,1586
2435,924,1217
2436,924,979
2437,925,925
2438,925,1569
2439,926,926
2440,926,940
2441,926,1029
2442,926,958
2443,926,1402
2444,927,927
2445,927,937
2446,927,1192
2447,927,1287
2448,927,950
2449,928,928
2450,928,1509
2451,928,884
2452,928,937
2453,929,929
2454,929,943
2455,929,1188
2456,929,862
2457,930,930
2458,930,817
2459,930,1602
2460,930,1151
2461,931,931
2462,931,1474
2463,932,932
2464,932,1261
2465,932,1404
2466,932,1733
2467,933,933
2468,933,1497
2469,933,1186
2470,933,1324
2471,934,934
2472,934,1164
2473,935,935
2474,935,1544
2475,935,1127
2476,936,936
2477,936,858
2478,936,1535
2479,936,1223
2480,937,937
2481,937,927
2482,937,1192
2483,937,1125
2484,937,928
2485,938,938
2486,938,898
2487,938,1292
2488,938,1223
2489,939,939
2490,939,1025
2491,940,940
2492,940,926
2493,940,1265
2494,940,1785
2495,941,941
2496,941,875
2497,941,1539
2498,942,942
2499,942,1641
2500,942,983
2501,942,994
2502,942,1586
2503,943,943
2504,943,929
2505,943,851
2506,943,911
2507,943,954
2508,944,944
2509,944,277
2510,944,570
2511,944,780
2512,944,1
2513,945,945
2514,945,1583
2515,945,1410
2516,946,946
2517,946,969
2518,946,1248
2519,947,947
2520,947,1623
2521,947,1328
2522,947,1332
2523,948,948
2524,948,1527
2525,948,1662
2526,948,1400
2527,948,1279
2528,949,949
2529,949,1009
2530,949,1155
2531,950,950
2532,950,1188
2533,950,954
2534,950,869
2535,950,927
2536,951,951
2537,951,1636
2538,951,1528
2539,951,887
2540,952,952
2541,952,1446
2542,953,953
2543,953,963
2544,953,861
2545,954,954
2546,954,950
2547,954,1591
2548,954,943
2549,954,1559
2550,955,955
2551,956,956
2552,956,1722
2553,956,1163
2554,956,959
2555,956,1660
2556,957,957
2557,958,958
2558,958,1342
2559,958,926
2560,959,959
2561,959,1143
2562,959,1031
2563,959,956
2564,959,1167
2565,960,960
2566,960,1516
2567,960,1294
2568,960,1611
2569,961,961
2570,961,1539
2571,961,1604
2572,962,962
2573,962,1680
2574,963,963
2575,963,953
2576,963,920
2577,963,1612
2578,964,964
2579,964,1269
2580,964,1003
2581,964,1463
2582,964,826
2583,965,965
2584,965,921
2585,965,1128
2586,965,1212
2587,966,966
2588,966,838
2589,966,1359
2590,966,1400
2591,966,1299
2592,967,967
2593,967,1178
2594,968,968
2595,968,1719
2596,968,1609
2597,969,969
2598,969,1232
2599,969,946
2600,969,1274
2601,970,970
2602,970,1596
2603,970,1453
2604,970,1662
2605,970,1487
2606,971,971
2607,972,972
2608,972,1549
2609,972,1533
2610,973,973
2611,973,1384
2612,973,1386
2613,973,1667
2614,974,974
2615,974,1677
2616,974,1146
2617,974,1644
2618,975,975
2619,975,928
2620,976,976
2621,976,1277
2622,976,1596
2623,977,977
2624,977,1607
2625,977,1512
2626,978,978
2627,978,1149
2628,978,1547
2629,978,1140
2630,978,1503
2631,979,979
2632,979,924
2633,980,980
2634,980,1220
2635,980,1312
2636,980,1211
2637,981,981
2638,981,1196
2639,982,982
2640,982,1295
2641,982,288
2642,982,1029
2643,983,983
2644,983,1571
2645,983,942
2646,984,984
2647,984,1567
2648,985,985
2649,985,895
2650,985,990
2651,986,986
2652,987,987
2653,987,1522
2654,987,1602
2655,988,988
2656,989,989
2657,989,1333
2658,989,1604
2659,989,1677
2660,989,1146
2661,990,990
2662,990,985
2663,990,1354
2664,991,991
2665,992,992
2666,992,1357
2667,992,1182
2668,992,910
2669,992,1619
2670,993,993
2671,993,883
2672,993,1255
2673,994,994
2674,994,1266
2675,994,1338
2676,994,1198
2677,994,942
2678,995,995
2679,995,405
2680,995,384
2681,996,996
2682,996,810
2683,997,997
2684,997,828
2685,997,1226
2686,998,998
2687,998,870
2688,998,1554
2689,999,999
2690,999,1560
2691,999,866
2692,999,874
2693,1000,1000
2694,1000,873
2695,1001,1001
2696,1001,1682
2697,1002,1002
2698,1002,1050
2699,1002,1567
2700,1003,1003
2701,1003,1269
2702,1003,964
2703,1004,1004
2704,1004,1373
2705,1005,1005
2706,1005,905
2707,1006,1006
2708,1006,837
2709,1006,886
2710,1006,846
2711,1007,1007
2712,1007,1088
2713,1007,1033
2714,1008,1008
2715,1008,1345
2716,1008,1616
2717,1008,1052
2718,1009,1009
2719,1009,949
2720,1009,1155
2721,1009,1654
2722,1010,1010
2723,1010,826
2724,1010,1172
2725,1011,1011
2726,1011,1682
2727,1012,1012
2728,1012,1656
2729,1013,1013
2730,1013,1037
2731,1013,1210
2732,1014,1014
2733,1014,1580
2734,1014,1470
2735,1015,1015
2736,1016,1016
2737,1016,1352
2738,1016,1071
2739,1017,1017
2740,1017,1555
2741,1018,1018
2742,1019,1019
2743,1019,1578
2744,1019,1195
2745,1020,1020
2746,1020,1212
2747,1020,1128
2748,1020,1245
2749,1021,1021
2750,1021,1290
2751,1021,1579
2752,1021,1556
2753,1022,1022
2754,1022,635
2755,1022,128
2756,1023,1023
2757,1024,1024
2758,1024,37
2759,1024,1282
2760,1025,1025
2761,1025,1142
2762,1026,1026
2763,1026,273
2764,1026,1141
2765,1026,163
2766,1027,1027
2767,1027,1323
2768,1028,1028
2769,1028,1618
2770,1029,1029
2771,1029,926
2772,1029,1665
2773,1029,982
2774,1030,1030
2775,1030,1665
2776,1030,1620
2777,1030,1693
2778,1030,1265
2779,1031,1031
2780,1031,1167
2781,1031,1608
2782,1031,1264
2783,1031,959
2784,1032,1032
2785,1032,1100
2786,1032,1349
2787,1033,1033
2788,1033,843
2789,1033,1091
2790,1033,1383
2791,1033,1007
2792,1034,1034
2793,1034,469
2794,1034,1616
2795,1034,1052
2796,1035,1035
2797,1035,1640
2798,1036,1036
2799,1037,1037
2800,1037,1013
2801,1038,1038
2802,1038,1372
2803,1038,1396
2804,1038,1730
2805,1039,1039
2806,1040,1040
2807,1040,1529
2808,1040,1241
2809,1040,1217
2810,1041,1041
2811,1041,1326
2812,1041,1404
2813,1041,1417
2814,1041,1381
2815,1042,1042
2816,1042,460
2817,1043,1043
2818,1043,1495
2819,1043,1287
2820,1044,1044
2821,1045,1045
2822,1045,1579
2823,1046,1046
2824,1046,1168
2825,1046,1465
2826,1047,1047
2827,1047,1115
2828,1048,1048
2829,1048,1656
2830,1049,1049
2831,1049,1418
2832,1049,1356
2833,1049,1609
2834,1050,1050
2835,1050,1084
2836,1050,1002
2837,1051,1051
2838,1051,1093
2839,1052,1052
2840,1052,1616
2841,1052,1053
2842,1052,1034
2843,1052,1008
2844,1053,1053
2845,1053,1616
2846,1053,774
2847,1053,1431
2848,1053,1052
2849,1054,1054
2850,1055,1055
2851,1055,1548
2852,1056,1056
2853,1056,1090
2854,1056,72
2855,1057,1057
2856,1057,1359
2857,1058,1058
2858,1059,1059
2859,1059,986
2860,1059,754
2861,1060,1060
2862,1060,1094
2863,1060,717
2864,1061,1061
2865,1061,1179
2866,1062,1062
2867,1062,1727
2868,1062,863
2869,1062,478
2870,1062,886
2871,1063,1063
2872,1063,699
2873,1064,1064
2874,1064,1387
2875,1065,1065
2876,1065,227
2877,1066,1066
2878,1067,1067
2879,1067,1158
2880,1067,284
2881,1068,1068
2882,1068,299
2883,1068,1655
2884,1068,1622
2885,1069,1069
2886,1069,268
2887,1070,1070
2888,1071,1071
2889,1071,1352
2890,1071,1016
2891,1072,1072
2892,1072,1673
2893,1073,1073
2894,1073,1503
2895,1073,1517
2896,1073,887
2897,1074,1074
2898,1075,1075
2899,1075,1379
2900,1076,1076
2901,1076,476
2902,1076,1783
2903,1076,1110
2904,1076,520
2905,1077,1077
2906,1078,1078
2907,1079,1079
2908,1080,1080
2909,1081,1081
2910,1082,1082
2911,1082,233
2912,1082,361
2913,1082,1330
2914,1083,1083
2915,1083,1688
2916,1083,1744
2917,1084,1084
2918,1084,1050
2919,1085,1085
2920,1085,229
2921,1086,1086
2922,1086,1750
2923,1087,1087
2924,1088,1088
2925,1088,1007
2926,1089,1089
2927,1089,113
2928,1090,1090
2929,1090,1056
2930,1091,1091
2931,1091,1033
2932,1092,1092
2933,1092,382
2934,1093,1093
2935,1093,1817
2936,1093,1760
2937,1093,1051
2938,1094,1094
2939,1094,1060
2940,1094,717
2941,1094,1372
2942,1095,1095
2943,1095,1097
2944,1096,1096
2945,1096,1360
2946,1096,601
2947,1097,1097
2948,1097,1095
2949,1098,1098
2950,1099,1099
2951,1099,356
2952,1100,1100
2953,1100,1032
2954,1100,1143
2955,1101,1101
2956,1101,1818
2957,1101,71
2958,1102,1102
2959,1103,1103
2960,1103,1815
2961,1104,1104
2962,1105,1105
2963,1105,1433
2964,1106,1106
2965,1106,3
2966,1106,1730
2967,1107,1107
2968,1107,717
2969,1108,1108
2970,1108,879
2971,1109,1109
2972,1109,1750
2973,1110,1110
2974,1110,1076
2975,1111,1111
2976,1111,148
2977,1111,227
2978,1112,1112
2979,1113,1113
2980,1113,230
2981,1113,724
2982,1113,495
2983,1114,1114
2984,1115,1115
2985,1115,1047
2986,1116,1116
2987,1116,1457
2988,1116,1506
2989,1116,1464
2990,1116,1147
2991,1117,1117
2992,1117,823
2993,1117,1456
2994,1117,559
2995,1117,1127
2996,1118,1118
2997,1119,1119
2998,1119,1216
2999,1119,681
3000,1119,1225
3001,1120,1120
3002,1120,1209
3003,1120,1465
3004,1120,1470
3005,1120,823
3006,1121,1121
3007,1121,1272
3008,1121,1460
3009,1122,1122
3010,1123,1123
3011,1123,1134
3012,1123,1464
3013,1123,1147
3014,1124,1124
3015,1124,1263
3016,1124,1510
3017,1125,1125
3018,1125,937
3019,1126,1126
3020,1126,1275
3021,1126,1554
3022,1126,824
3023,1126,815
3024,1127,1127
3025,1127,935
3026,1127,820
3027,1127,1117
3028,1128,1128
3029,1128,1138
3030,1128,965
3031,1128,1020
3032,1129,1129
3033,1129,1158
3034,1129,276
3035,1130,1130
3036,1130,1546
3037,1131,1131
3038,1131,827
3039,1132,1132
3040,1132,6
3041,1132,1637
3042,1132,1486
3043,1133,1133
3044,1133,1174
3045,1133,1154
3046,1134,1134
3047,1134,1147
3048,1134,807
3049,1134,1123
3050,1134,1485
3051,1135,1135
3052,1135,823
3053,1136,1136
3054,1136,1521
3055,1136,1622
3056,1136,889
3057,1137,1137
3058,1137,1547
3059,1138,1138
3060,1138,1128
3061,1139,1139
3062,1139,829
3063,1140,1140
3064,1140,1668
3065,1140,978
3066,1140,1522
3067,1141,1141
3068,1141,1494
3069,1141,818
3070,1141,1026
3071,1141,837
3072,1142,1142
3073,1142,1201
3074,1142,1025
3075,1143,1143
3076,1143,959
3077,1143,1244
3078,1143,1100
3079,1144,1144
3080,1144,1515
3081,1144,1184
3082,1145,1145
3083,1145,1291
3084,1146,1146
3085,1146,1635
3086,1146,1389
3087,1146,974
3088,1146,989
3089,1147,1147
3090,1147,1134
3091,1147,1123
3092,1147,1116
3093,1147,1189
3094,1148,1148
3095,1148,1253
3096,1148,1585
3097,1149,1149
3098,1149,274
3099,1149,1196
3100,1149,978
3101,1150,1150
3102,1150,919
3103,1150,273
3104,1151,1151
3105,1151,930
3106,1152,1152
3107,1152,856
3108,1152,1278
3109,1152,1160
3110,1153,1153
3111,1153,1689
3112,1154,1154
3113,1154,824
3114,1155,1155
3115,1155,1009
3116,1155,949
3117,1156,1156
3118,1156,1492
3119,1157,1157
3120,1157,1483
3121,1157,1337
3122,1158,1158
3123,1158,1067
3124,1158,284
3125,1158,1129
3126,1159,1159
3127,1159,822
3128,1159,1456
3129,1159,1460
3130,1159,1493
3131,1160,1160
3132,1160,855
3133,1160,879
3134,1160,1638
3135,1160,1152
3136,1161,1161
3137,1161,868
3138,1162,1162
3139,1162,1540
3140,1163,1163
3141,1163,1722
3142,1163,1530
3143,1163,956
3144,1164,1164
3145,1164,934
3146,1165,1165
3147,1165,1484
3148,1165,866
3149,1165,857
3150,1165,1525
3151,1166,1166
3152,1166,1539
3153,1166,1210
3154,1166,279
3155,1167,1167
3156,1167,279
3157,1167,1031
3158,1167,1570
3159,1167,959
3160,1168,1168
3161,1168,1465
3162,1168,862
3163,1169,1169
3164,1169,1194
3165,1169,849
3166,1169,1285
3167,1170,1170
3168,1170,1663
3169,1170,864
3170,1170,1577
3171,1170,1592
3172,1171,1171
3173,1171,0
3174,1172,1172
3175,1172,859
3176,1172,1010
3177,1173,1173
3178,1173,1204
3179,1173,1232
3180,1174,1174
3181,1174,815
3182,1174,1133
3183,1175,1175
3184,1175,1590
3185,1175,881
3186,1175,1275
3187,1176,1176
3188,1177,1177
3189,1177,813
3190,1177,1191
3191,1177,1185
3192,1178,1178
3193,1178,833
3194,1179,1179
3195,1180,1180
3196,1180,1496
3197,1181,1181
3198,1181,821
3199,1181,576
3200,1181,824
3201,1182,1182
3202,1182,992
3203,1182,1357
3204,1183,1183
3205,1183,1568
3206,1183,1288
3207,1183,902
3208,1184,1184
3209,1184,1214
3210,1185,1185
3211,1185,903
3212,1185,849
3213,1185,1177
3214,1185,1252
3215,1186,1186
3216,1186,1215
3217,1186,1497
3218,1186,933
3219,1186,805
3220,1187,1187
3221,1187,1565
3222,1188,1188
3223,1188,950
3224,1188,884
3225,1188,929
3226,1189,1189
3227,1189,1461
3228,1189,1147
3229,1189,1585
3230,1190,1190
3231,1190,1615
3232,1191,1191
3233,1191,1177
3234,1192,1192
3235,1192,927
3236,1193,1193
3237,1193,914
3238,1194,1194
3239,1194,1169
3240,1194,381
3241,1195,1195
3242,1195,1203
3243,1195,838
3244,1195,1019
3245,1196,1196
3246,1196,981
3247,1196,1149
3248,1197,1197
3249,1197,1592
3250,1197,818
3251,1198,1198
3252,1198,1334
3253,1198,994
3254,1199,1199
3255,1199,12
3256,1199,902
3257,1199,1459
3258,1200,1200
3259,1200,1603
3260,1200,602
3261,1200,1527
3262,1201,1201
3263,1201,1624
3264,1201,1508
3265,1201,1142
3266,1201,859
3267,1202,1202
3268,1202,1203
3269,1202,1285
3270,1203,1203
3271,1203,1202
3272,1203,1195
3273,1203,273
3274,1204,1204
3275,1204,1173
3276,1205,1205
3277,1205,1635
3278,1205,895
3279,1206,1206
3280,1207,1207
3281,1207,1256
3282,1208,1208
3283,1208,1609
3284,1208,1677
3285,1208,1317
3286,1208,1389
3287,1209,1209
3288,1209,1242
3289,1209,1120
3290,1209,820
3291,1209,879
3292,1210,1210
3293,1210,1166
3294,1210,1661
3295,1210,1013
3296,1211,1211
3297,1211,1573
3298,1211,905
3299,1211,1563
3300,1212,1212
3301,1212,1020
3302,1212,965
3303,1212,913
3304,1212,1245
3305,1213,1213
3306,1213,1541
3307,1214,1214
3308,1214,1184
3309,1215,1215
3310,1215,1186
3311,1215,831
3312,1216,1216
3313,1216,1119
3314,1216,1568
3315,1217,1217
3316,1217,1040
3317,1217,924
3318,1218,1218
3319,1219,1219
3320,1219,811
3321,1219,878
3322,1220,1220
3323,1220,980
3324,1220,1312
3325,1221,1221
3326,1221,845
3327,1222,1222
3328,1222,133
3329,1223,1223
3330,1223,1498
3331,1223,936
3332,1224,1224
3333,1224,1515
3334,1224,1783
3335,1225,1225
3336,1225,1487
3337,1225,1501
3338,1225,1119
3339,1225,1592
3340,1226,1226
3341,1226,841
3342,1226,997
3343,1227,1227
3344,1227,1356
3345,1227,1366
3346,1227,1700
3347,1228,1228
3348,1228,1493
3349,1228,842
3350,1228,1337
3351,1229,1229
3352,1229,882
3353,1229,1262
3354,1229,1310
3355,1229,1300
3356,1230,1230
3357,1230,1317
3358,1230,1289
3359,1231,1231
3360,1231,1285
3361,1232,1232
3362,1232,969
3363,1232,1173
3364,1233,1233
3365,1233,1553
3366,1233,810
3367,1233,1499
3368,1233,1250
3369,1234,1234
3370,1234,1555
3371,1235,1235
3372,1236,1236
3373,1236,1335
3374,1236,1549
3375,1237,1237
3376,1237,1260
3377,1237,1255
3378,1238,1238
3379,1238,874
3380,1238,1608
3381,1239,1239
3382,1239,1344
3383,1239,1641
3384,1240,1240
3385,1240,879
3386,1240,865
3387,1241,1241
3388,1241,1040
3389,1241,1542
3390,1242,1242
3391,1242,1175
3392,1242,1209
3393,1243,1243
3394,1243,861
3395,1243,330
3396,1244,1244
3397,1244,1143
3398,1244,872
3399,1245,1245
3400,1245,1631
3401,1245,913
3402,1245,1020
3403,1245,1212
3404,1246,1246
3405,1246,1595
3406,1247,1247
3407,1247,1206
3408,1247,890
3409,1247,272
3410,1248,1248
3411,1248,1295
3412,1248,946
3413,1249,1249
3414,1250,1250
3415,1250,810
3416,1250,1505
3417,1250,1638
3418,1251,1251
3419,1251,1559
3420,1251,1493
3421,1251,869
3422,1251,893
3423,1252,1252
3424,1252,903
3425,1252,1328
3426,1252,1185
3427,1253,1253
3428,1253,1148
3429,1254,1254
3430,1255,1255
3431,1255,993
3432,1255,1237
3433,1255,1627
3434,1256,1256
3435,1256,1207
3436,1256,1561
3437,1257,1257
3438,1257,1599
3439,1257,1604
3440,1258,1258
3441,1258,1217
3442,1258,1729
3443,1259,1259
3444,1259,1469
3445,1259,1299
3446,1259,838
3447,1260,1260
3448,1261,1261
3449,1261,932
3450,1262,1262
3451,1262,1310
3452,1262,882
3453,1262,1773
3454,1262,1229
3455,1263,1263
3456,1263,1124
3457,1264,1264
3458,1264,1306
3459,1264,1031
3460,1265,1265
3461,1265,1304
3462,1265,940
3463,1265,1693
3464,1265,1030
3465,1266,1266
3466,1266,994
3467,1266,861
3468,1266,1386
3469,1266,908
3470,1267,1267
3471,1267,856
3472,1267,917
3473,1268,1268
3474,1268,1241
3475,1268,1586
3476,1269,1269
3477,1269,964
3478,1269,916
3479,1269,1463
3480,1270,1270
3481,1270,1684
3482,1270,1672
3483,1270,1571
3484,1271,1271
3485,1271,1323
3486,1272,1272
3487,1272,1121
3488,1273,1273
3489,1273,1560
3490,1274,1274
3491,1274,1694
3492,1274,1500
3493,1274,1685
3494,1274,969
3495,1275,1275
3496,1275,1126
3497,1275,1175
3498,1276,1276
3499,1276,1522
3500,1276,1546
3501,1276,871
3502,1276,1558
3503,1277,1277
3504,1277,976
3505,1278,1278
3506,1278,1511
3507,1278,1152
3508,1278,811
3509,1279,1279
3510,1279,919
3511,1279,1288
3512,1279,948
3513,1280,1280
3514,1280,1747
3515,1281,1281
3516,1281,1325
3517,1281,1394
3518,1281,42
3519,1282,1282
3520,1282,1755
3521,1282,1024
3522,1283,1283
3523,1283,922
3524,1283,1468
3525,1283,659
3526,1284,1284
3527,1284,915
3528,1285,1285
3529,1285,1231
3530,1285,1169
3531,1285,1202
3532,1286,1286
3533,1286,1493
3534,1287,1287
3535,1287,1308
3536,1287,927
3537,1287,884
3538,1288,1288
3539,1288,1183
3540,1288,1279
3541,1289,1289
3542,1289,852
3543,1289,1230
3544,1289,1633
3545,1290,1290
3546,1290,1158
3547,1291,1291
3548,1291,1145
3549,1292,1292
3550,1292,1190
3551,1293,1293
3552,1294,1294
3553,1294,874
3554,1294,860
3555,1294,960
3556,1295,1295
3557,1295,1248
3558,1295,982
3559,1296,1296
3560,1297,1297
3561,1298,1298
3562,1298,1319
3563,1298,1543
3564,1299,1299
3565,1299,1259
3566,1299,89
3567,1299,966
3568,1299,838
3569,1300,1300
3570,1300,1814
3571,1300,1310
3572,1300,882
3573,1300,1229
3574,1301,1301
3575,1301,980
3576,1302,1302
3577,1302,35
3578,1302,1374
3579,1303,1303
3580,1303,7
3581,1304,1304
3582,1304,1708
3583,1304,1265
3584,1304,1235
3585,1305,1305
3586,1305,579
3587,1306,1306
3588,1306,1538
3589,1306,1561
3590,1306,1264
3591,1306,1597
3592,1307,1307
3593,1308,1308
3594,1308,1287
3595,1308,854
3596,1308,1551
3597,1309,1309
3598,1309,1446
3599,1310,1310
3600,1310,1262
3601,1310,1300
3602,1310,1229
3603,1310,882
3604,1311,1311
3605,1311,1508
3606,1312,1312
3607,1312,1142
3608,1312,980
3609,1312,1220
3610,1313,1313
3611,1314,1314
3612,1315,1315
3613,1315,1555
3614,1315,1324
3615,1316,1316
3616,1317,1317
3617,1317,1230
3618,1317,1208
3619,1317,1389
3620,1318,1318
3621,1318,1385
3622,1318,1469
3623,1319,1319
3624,1319,1354
3625,1319,1298
3626,1320,1320
3627,1320,1542
3628,1320,998
3629,1321,1321
3630,1321,1410
3631,1322,1322
3632,1322,1271
3633,1323,1323
3634,1324,1324
3635,1324,1315
3636,1324,933
3637,1325,1325
3638,1325,1281
3639,1325,42
3640,1325,71
3641,1325,1814
3642,1326,1326
3643,1326,1417
3644,1326,1041
3645,1326,612
3646,1327,1327
3647,1327,476
3648,1327,1672
3649,1327,13
3650,1327,1684
3651,1328,1328
3652,1328,947
3653,1328,1252
3654,1329,1329
3655,1329,737
3656,1330,1330
3657,1330,361
3658,1330,1082
3659,1330,757
3660,1330,1436
3661,1331,1331
3662,1331,1548
3663,1331,1260
3664,1332,1332
3665,1332,947
3666,1333,1333
3667,1333,989
3668,1334,1334
3669,1334,1198
3670,1335,1335
3671,1335,1236
3672,1335,1549
3673,1336,1336
3674,1337,1337
3675,1337,829
3676,1337,1157
3677,1337,1228
3678,1338,1338
3679,1338,994
3680,1338,13
3681,1338,450
3682,1338,1667
3683,1339,1339
3684,1339,910
3685,1339,1143
3686,1340,1340
3687,1341,1341
3688,1341,1660
3689,1341,1196
3690,1342,1342
3691,1342,958
3692,1343,1343
3693,1343,75
3694,1343,670
3695,1344,1344
3696,1344,1239
3697,1344,1365
3698,1345,1345
3699,1345,1008
3700,1346,1346
3701,1346,1004
3702,1347,1347
3703,1347,1511
3704,1348,1348
3705,1348,102
3706,1349,1349
3707,1349,1032
3708,1349,1534
3709,1350,1350
3710,1350,347
3711,1350,158
3712,1351,1351
3713,1351,1440
3714,1351,1596
3715,1352,1352
3716,1352,1016
3717,1352,1071
3718,1353,1353
3719,1353,1660
3720,1353,1382
3721,1353,1732
3722,1354,1354
3723,1354,1543
3724,1354,1319
3725,1354,990
3726,1355,1355
3727,1356,1356
3728,1356,1700
3729,1356,1227
3730,1356,1049
3731,1357,1357
3732,1357,992
3733,1357,1582
3734,1357,1182
3735,1358,1358
3736,1358,1647
3737,1359,1359
3738,1359,966
3739,1359,1057
3740,1360,1360
3741,1360,1096
3742,1360,1394
3743,1361,1361
3744,1362,1362
3745,1363,1363
3746,1363,1455
3747,1364,1364
3748,1364,1414
3749,1364,885
3750,1365,1365
3751,1365,1716
3752,1365,1612
3753,1365,1344
3754,1366,1366
3755,1366,1742
3756,1366,1227
3757,1366,1700
3758,1367,1367
3759,1367,1645
3760,1367,1301
3761,1368,1368
3762,1369,1369
3763,1370,1370
3764,1370,1574
3765,1370,1651
3766,1371,1371
3767,1371,1648
3768,1371,1661
3769,1372,1372
3770,1372,1038
3771,1372,1396
3772,1372,1094
3773,1373,1373
3774,1373,1004
3775,1373,1556
3776,1373,1402
3777,1374,1374
3778,1374,1675
3779,1374,291
3780,1374,1302
3781,1375,1375
3782,1376,1376
3783,1376,885
3784,1377,1377
3785,1377,1206
3786,1378,1378
3787,1379,1379
3788,1379,1075
3789,1380,1380
3790,1380,1701
3791,1380,1763
3792,1381,1381
3793,1381,1733
3794,1381,1404
3795,1381,1041
3796,1382,1382
3797,1382,1732
3798,1382,1558
3799,1382,1353
3800,1383,1383
3801,1383,1033
3802,1384,1384
3803,1384,973
3804,1384,1667
3805,1384,1556
3806,1384,916
3807,1385,1385
3808,1385,1727
3809,1385,1318
3810,1385,1600
3811,1386,1386
3812,1386,1676
3813,1386,933
3814,1386,973
3815,1386,1266
3816,1387,1387
3817,1387,1408
3818,1387,1064
3819,1387,1773
3820,1388,1388
3821,1389,1389
3822,1389,1146
3823,1389,1208
3824,1389,1317
3825,1390,1390
3826,1390,236
3827,1390,1571
3828,1391,1391
3829,1391,56
3830,1391,325
3831,1392,1392
3832,1393,1393
3833,1393,939
3834,1393,1652
3835,1394,1394
3836,1394,1360
3837,1394,1281
3838,1394,42
3839,1395,1395
3840,1396,1396
3841,1396,915
3842,1396,1038
3843,1396,1730
3844,1396,1372
3845,1397,1397
3846,1397,1680
3847,1397,727
3848,1398,1398
3849,1398,1679
3850,1399,1399
3851,1399,104
3852,1400,1400
3853,1400,948
3854,1400,966
3855,1401,1401
3856,1402,1402
3857,1402,1373
3858,1402,926
3859,1403,1403
3860,1404,1404
3861,1404,1381
3862,1404,932
3863,1404,1041
3864,1404,1733
3865,1405,1405
3866,1405,1784
3867,1405,592
3868,1406,1406
3869,1406,1223
3870,1406,1498
3871,1406,1153
3872,1406,936
3873,1407,1407
3874,1407,1519
3875,1408,1408
3876,1408,1387
3877,1409,1409
3878,1410,1410
3879,1410,1321
3880,1410,1583
3881,1410,945
3882,1411,1411
3883,1412,1412
3884,1413,1413
3885,1414,1414
3886,1414,1364
3887,1415,1415
3888,1415,784
3889,1416,1416
3890,1416,1603
3891,1417,1417
3892,1417,1326
3893,1417,612
3894,1417,1041
3895,1418,1418
3896,1418,1049
3897,1418,1625
3898,1418,1739
3899,1419,1419
3900,1420,1420
3901,1420,1796
3902,1421,1421
3903,1422,1422
3904,1422,1654
3905,1423,1423
3906,1424,1424
3907,1424,1297
3908,1425,1425
3909,1426,1426
3910,1426,121
3911,1427,1427
3912,1427,376
3913,1427,169
3914,1427,415
3915,1428,1428
3916,1429,1429
3917,1430,1430
3918,1431,1431
3919,1431,1053
3920,1432,1432
3921,1433,1433
3922,1433,1105
3923,1434,1434
3924,1435,1435
3925,1436,1436
3926,1436,554
3927,1436,361
3928,1436,1330
3929,1437,1437
3930,1437,1730
3931,1438,1438
3932,1439,1439
3933,1439,1095
3934,1439,837
3935,1440,1440
3936,1440,1351
3937,1441,1441
3938,1442,1442
3939,1443,1443
3940,1443,757
3941,1444,1444
3942,1445,1445
3943,1445,120
3944,1445,163
3945,1446,1446
3946,1446,1309
3947,1447,1447
3948,1448,1448
3949,1448,1663
3950,1449,1449
3951,1449,1593
3952,1449,1421
3953,1450,1450
3954,1450,1444
3955,1451,1451
3956,1452,1452
3957,1453,1453
3958,1453,976
3959,1453,970
3960,1453,1596
3961,1454,1454
3962,1455,1455
3963,1455,1363
3964,1455,1766
3965,1456,1456
3966,1456,1159
3967,1456,1117
3968,1456,807
3969,1456,822
3970,1457,1457
3971,1457,1116
3972,1457,1489
3973,1457,807
3974,1458,1458
3975,1459,1459
3976,1459,1725
3977,1459,830
3978,1459,1500
3979,1459,1199
3980,1460,1460
3981,1460,822
3982,1460,1121
3983,1460,1159
3984,1461,1461
3985,1461,1189
3986,1461,1464
3987,1462,1462
3988,1462,885
3989,1463,1463
3990,1463,7
3991,1463,964
3992,1463,1269
3993,1464,1464
3994,1464,1461
3995,1464,1116
3996,1464,1123
3997,1465,1465
3998,1465,1120
3999,1465,1168
4000,1466,1466
4001,1466,4
4002,1466,278
4003,1466,20
4004,1467,1467
4005,1467,1519
4006,1468,1468
4007,1468,1283
4008,1468,922
4009,1469,1469
4010,1469,1259
4011,1469,1318
4012,1469,846
4013,1469,12
4014,1470,1470
4015,1470,1014
4016,1470,823
4017,1470,1120
4018,1471,1471
4019,1471,818
4020,1472,1472
4021,1472,1496
4022,1472,842
4023,1473,1473
4024,1473,906
4025,1473,1512
4026,1474,1474
4027,1474,931
4028,1474,1606
4029,1474,866
4030,1475,1475
4031,1475,1546
4032,1476,1476
4033,1476,840
4034,1476,5
4035,1477,1477
4036,1478,1478
4037,1479,1479
4038,1479,1589
4039,1480,1480
4040,1481,1481
4041,1481,576
4042,1481,1483
4043,1482,1482
4044,1482,1486
4045,1482,877
4046,1482,1495
4047,1483,1483
4048,1483,1157
4049,1483,1481
4050,1483,1486
4051,1483,1585
4052,1484,1484
4053,1484,1165
4054,1485,1485
4055,1485,807
4056,1485,1497
4057,1485,1134
4058,1486,1486
4059,1486,1482
4060,1486,1483
4061,1486,877
4062,1486,1132
4063,1487,1487
4064,1487,1225
4065,1487,1501
4066,1487,354
4067,1487,970
4068,1488,1488
4069,1488,1520
4070,1489,1489
4071,1489,5
4072,1489,1457
4073,1490,1490
4074,1491,1491
4075,1491,909
4076,1492,1492
4077,1492,1156
4078,1492,1623
4079,1492,913
4080,1493,1493
4081,1493,1228
4082,1493,1251
4083,1493,1159
4084,1494,1494
4085,1494,1141
4086,1494,868
4087,1495,1495
4088,1495,854
4089,1495,1482
4090,1496,1496
4091,1496,1472
4092,1496,1180
4093,1496,1509
4094,1497,1497
4095,1497,933
4096,1497,1186
4097,1497,1485
4098,1497,1506
4099,1498,1498
4100,1498,1223
4101,1498,1535
4102,1499,1499
4103,1499,1233
4104,1500,1500
4105,1500,1694
4106,1500,1523
4107,1500,1459
4108,1500,1274
4109,1501,1501
4110,1501,848
4111,1501,1487
4112,1501,1225
4113,1502,1502
4114,1502,814
4115,1503,1503
4116,1503,1073
4117,1503,1525
4118,1503,978
4119,1503,887
4120,1504,1504
4121,1505,1505
4122,1505,1250
4123,1505,830
4124,1506,1506
4125,1506,1116
4126,1506,1497
4127,1507,1507
4128,1507,1569
4129,1507,7
4130,1507,1531
4131,1508,1508
4132,1508,1201
4133,1509,1509
4134,1509,1496
4135,1509,928
4136,1510,1510
4137,1510,1124
4138,1511,1511
4139,1511,1347
4140,1511,1278
4141,1511,811
4142,1512,1512
4143,1512,1473
4144,1512,877
4145,1512,899
4146,1513,1513
4147,1514,1514
4148,1514,889
4149,1514,1583
4150,1515,1515
4151,1515,1144
4152,1515,1224
4153,1515,1540
4154,1516,1516
4155,1516,1606
4156,1516,960
4157,1516,888
4158,1517,1517
4159,1517,857
4160,1517,841
4161,1517,1073
4162,1518,1518
4163,1519,1519
4164,1519,840
4165,1520,1520
4166,1520,1488
4167,1521,1521
4168,1521,1136
4169,1521,1622
4170,1521,568
4171,1521,299
4172,1522,1522
4173,1522,987
4174,1522,1276
4175,1522,1140
4176,1523,1523
4177,1524,1524
4178,1524,886
4179,1525,1525
4180,1525,1503
4181,1525,1165
4182,1525,817
4183,1526,1526
4184,1527,1527
4185,1527,948
4186,1527,868
4187,1527,1200
4188,1528,1528
4189,1529,1529
4190,1529,1040
4191,1530,1530
4192,1530,1163
4193,1531,1531
4194,1531,845
4195,1531,1507
4196,1532,1532
4197,1532,832
4198,1533,1533
4199,1533,972
4200,1534,1534
4201,1534,876
4202,1534,1349
4203,1534,1558
4204,1535,1535
4205,1535,1630
4206,1535,936
4207,1536,1536
4208,1536,835
4209,1537,1537
4210,1538,1538
4211,1538,1306
4212,1539,1539
4213,1539,1166
4214,1539,961
4215,1539,941
4216,1540,1540
4217,1540,1162
4218,1540,1515
4219,1541,1541
4220,1541,1565
4221,1541,1213
4222,1541,1569
4223,1542,1542
4224,1542,924
4225,1542,1241
4226,1543,1543
4227,1543,1354
4228,1543,1298
4229,1544,1544
4230,1544,935
4231,1544,918
4232,1545,1545
4233,1546,1546
4234,1546,1475
4235,1546,1130
4236,1546,1722
4237,1546,1276
4238,1547,1547
4239,1547,1137
4240,1547,978
4241,1548,1548
4242,1548,1055
4243,1548,1331
4244,1548,920
4245,1548,1124
4246,1549,1549
4247,1549,972
4248,1549,1335
4249,1549,1236
4250,1550,1550
4251,1551,1551
4252,1551,878
4253,1551,1308
4254,1552,1552
4255,1553,1553
4256,1553,1233
4257,1553,1280
4258,1554,1554
4259,1554,998
4260,1554,1126
4261,1555,1555
4262,1555,1315
4263,1555,1234
4264,1556,1556
4265,1556,1373
4266,1556,1384
4267,1556,1021
4268,1557,1557
4269,1558,1558
4270,1558,1382
4271,1558,1534
4272,1558,1276
4273,1559,1559
4274,1559,1251
4275,1559,869
4276,1559,893
4277,1559,954
4278,1560,1560
4279,1560,999
4280,1560,1273
4281,1560,874
4282,1560,866
4283,1561,1561
4284,1561,1256
4285,1561,1594
4286,1561,1306
4287,1562,1562
4288,1562,835
4289,1562,276
4290,1562,810
4291,1563,1563
4292,1563,1573
4293,1563,1211
4294,1564,1564
4295,1564,817
4296,1564,1608
4297,1565,1565
4298,1565,1541
4299,1565,1187
4300,1565,1569
4301,1566,1566
4302,1567,1567
4303,1567,880
4304,1567,984
4305,1567,1597
4306,1567,1002
4307,1568,1568
4308,1568,1183
4309,1568,1216
4310,1569,1569
4311,1569,925
4312,1569,1541
4313,1569,1565
4314,1569,1507
4315,1570,1570
4316,1570,871
4317,1570,1167
4318,1571,1571
4319,1571,983
4320,1571,1270
4321,1571,288
4322,1572,1572
4323,1573,1573
4324,1573,1211
4325,1573,1563
4326,1573,1507
4327,1573,1587
4328,1574,1574
4329,1574,832
4330,1574,893
4331,1575,1575
4332,1575,1613
4333,1575,1601
4334,1576,1576
4335,1576,812
4336,1576,892
4337,1577,1577
4338,1577,864
4339,1577,1649
4340,1577,1170
4341,1578,1578
4342,1578,381
4343,1578,1019
4344,1579,1579
4345,1579,1045
4346,1579,330
4347,1579,1021
4348,1580,1580
4349,1580,1014
4350,1580,1470
4351,1581,1581
4352,1581,911
4353,1581,1591
4354,1582,1582
4355,1582,1357
4356,1582,1648
4357,1582,895
4358,1583,1583
4359,1583,889
4360,1583,945
4361,1583,1410
4362,1583,1514
4363,1584,1584
4364,1585,1585
4365,1585,1148
4366,1585,822
4367,1585,1189
4368,1585,1483
4369,1586,1586
4370,1586,924
4371,1586,942
4372,1587,1587
4373,1587,814
4374,1587,891
4375,1587,1573
4376,1588,1588
4377,1588,1669
4378,1588,891
4379,1588,1630
4380,1589,1589
4381,1589,827
4382,1589,1479
4383,1590,1590
4384,1590,1175
4385,1591,1591
4386,1591,1581
4387,1591,869
4388,1591,954
4389,1592,1592
4390,1592,1197
4391,1592,912
4392,1592,1225
4393,1592,1170
4394,1593,1593
4395,1594,1594
4396,1594,1561
4397,1595,1595
4398,1595,1246
4399,1596,1596
4400,1596,970
4401,1596,1351
4402,1596,976
4403,1596,1453
4404,1597,1597
4405,1597,880
4406,1597,852
4407,1597,1567
4408,1597,1306
4409,1598,1598
4410,1598,1272
4411,1599,1599
4412,1599,1257
4413,1599,1700
4414,1600,1600
4415,1600,1385
4416,1601,1601
4417,1601,918
4418,1602,1602
4419,1602,987
4420,1602,930
4421,1602,871
4422,1603,1603
4423,1603,1200
4424,1603,907
4425,1603,1416
4426,1604,1604
4427,1604,961
4428,1604,989
4429,1604,1257
4430,1604,1644
4431,1605,1605
4432,1606,1606
4433,1606,1516
4434,1606,1474
4435,1607,1607
4436,1608,1608
4437,1608,828
4438,1608,1031
4439,1608,1564
4440,1608,1238
4441,1609,1609
4442,1609,1208
4443,1609,1049
4444,1609,968
4445,1610,1610
4446,1610,820
4447,1610,1731
4448,1611,1611
4449,1611,860
4450,1611,960
4451,1611,817
4452,1612,1612
4453,1612,1729
4454,1612,1716
4455,1612,1365
4456,1612,963
4457,1613,1613
4458,1613,1575
4459,1613,812
4460,1614,1614
4461,1615,1615
4462,1615,1190
4463,1615,1495
4464,1616,1616
4465,1616,1053
4466,1616,1052
4467,1616,1008
4468,1616,1034
4469,1617,1617
4470,1618,1618
4471,1618,1028
4472,1619,1619
4473,1619,992
4474,1620,1620
4475,1620,1785
4476,1620,1708
4477,1620,1030
4478,1621,1621
4479,1622,1622
4480,1622,1521
4481,1622,1136
4482,1622,1068
4483,1623,1623
4484,1623,947
4485,1623,1492
4486,1624,1624
4487,1624,1685
4488,1624,1201
4489,1625,1625
4490,1625,1739
4491,1625,1418
4492,1626,1626
4493,1626,1775
4494,1627,1627
4495,1627,1260
4496,1627,993
4497,1627,1255
4498,1628,1628
4499,1629,1629
4500,1630,1630
4501,1630,1535
4502,1630,1731
4503,1631,1631
4504,1631,1245
4505,1631,913
4506,1631,922
4507,1632,1632
4508,1633,1633
4509,1633,880
4510,1633,1289
4511,1634,1634
4512,1635,1635
4513,1635,1205
4514,1635,1146
4515,1635,1739
4516,1636,1636
4517,1636,951
4518,1637,1637
4519,1637,1800
4520,1637,1132
4521,1638,1638
4522,1638,1505
4523,1638,1160
4524,1638,1250
4525,1639,1639
4526,1639,1778
4527,1640,1640
4528,1640,1035
4529,1641,1641
4530,1641,1679
4531,1641,1239
4532,1641,942
4533,1641,15
4534,1642,1642
4535,1643,1643
4536,1643,1712
4537,1644,1644
4538,1644,1604
4539,1644,974
4540,1644,1677
4541,1645,1645
4542,1645,1670
4543,1645,1367
4544,1646,1646
4545,1646,1680
4546,1646,759
4547,1646,1087
4548,1647,1647
4549,1647,1125
4550,1648,1648
4551,1648,1582
4552,1649,1649
4553,1649,863
4554,1649,89
4555,1649,1577
4556,1650,1650
4557,1650,642
4558,1651,1651
4559,1651,343
4560,1652,1652
4561,1652,1393
4562,1652,1280
4563,1652,1213
4564,1653,1653
4565,1654,1654
4566,1654,1009
4567,1655,1655
4568,1655,102
4569,1655,1068
4570,1655,299
4571,1656,1656
4572,1656,1012
4573,1656,1048
4574,1657,1657
4575,1657,1018
4576,1658,1658
4577,1658,1732
4578,1658,888
4579,1659,1659
4580,1659,343
4581,1659,1307
4582,1660,1660
4583,1660,1353
4584,1660,1341
4585,1660,956
4586,1661,1661
4587,1661,1210
4588,1662,1662
4589,1662,948
4590,1662,970
4591,1663,1663
4592,1663,1170
4593,1663,1448
4594,1664,1664
4595,1664,97
4596,1664,433
4597,1665,1665
4598,1665,1030
4599,1665,1693
4600,1665,1029
4601,1666,1666
4602,1667,1667
4603,1667,1384
4604,1667,1729
4605,1667,973
4606,1667,1338
4607,1668,1668
4608,1668,1140
4609,1668,876
4610,1669,1669
4611,1669,1588
4612,1670,1670
4613,1670,1645
4614,1671,1671
4615,1672,1672
4616,1672,1684
4617,1672,1270
4618,1672,1327
4619,1673,1673
4620,1673,826
4621,1674,1674
4622,1674,1741
4623,1674,1692
4624,1675,1675
4625,1675,1374
4626,1676,1676
4627,1677,1677
4628,1677,974
4629,1677,1208
4630,1677,1644
4631,1677,989
4632,1678,1678
4633,1679,1679
4634,1679,1641
4635,1679,1398
4636,1680,1680
4637,1680,962
4638,1681,1681
4639,1681,1685
4640,1681,1694
4641,1682,1682
4642,1682,1001
4643,1682,1011
4644,1683,1683
4645,1684,1684
4646,1684,1672
4647,1684,1270
4648,1684,1729
4649,1684,1327
4650,1685,1685
4651,1685,1624
4652,1685,1681
4653,1685,1274
4654,1686,1686
4655,1686,1045
4656,1687,1687
4657,1687,77
4658,1687,230
4659,1688,1688
4660,1688,1083
4661,1688,1739
4662,1689,1689
4663,1689,918
4664,1689,1153
4665,1689,1731
4666,1690,1690
4667,1690,1692
4668,1690,1763
4669,1691,1691
4670,1692,1692
4671,1692,1690
4672,1692,1674
4673,1692,1741
4674,1692,1757
4675,1693,1693
4676,1693,1665
4677,1693,1265
4678,1693,1030
4679,1694,1694
4680,1694,1500
4681,1694,1274
4682,1694,1681
4683,1695,1695
4684,1695,1529
4685,1695,856
4686,1696,1696
4687,1696,343
4688,1697,1697
4689,1697,1836
4690,1697,1685
4691,1698,1698
4692,1699,1699
4693,1700,1700
4694,1700,1356
4695,1700,1366
4696,1700,1227
4697,1700,1599
4698,1701,1701
4699,1701,1380
4700,1702,1702
4701,1703,1703
4702,1704,1704
4703,1704,1490
4704,1704,1118
4705,1704,187
4706,1705,1705
4707,1705,678
4708,1706,1706
4709,1706,1488
4710,1707,1707
4711,1707,1774
4712,1708,1708
4713,1708,1620
4714,1709,1709
4715,1710,1710
4716,1710,1771
4717,1711,1711
4718,1712,1712
4719,1712,1643
4720,1713,1713
4721,1714,1714
4722,1714,1757
4723,1715,1715
4724,1715,1188
4725,1715,884
4726,1716,1716
4727,1716,1365
4728,1716,1612
4729,1717,1717
4730,1718,1718
4731,1719,1719
4732,1719,968
4733,1720,1720
4734,1721,1721
4735,1722,1722
4736,1722,956
4737,1722,1163
4738,1722,1546
4739,1723,1723
4740,1724,1724
4741,1725,1725
4742,1725,1459
4743,1726,1726
4744,1727,1727
4745,1727,1385
4746,1727,1062
4747,1728,1728
4748,1729,1729
4749,1729,1612
4750,1729,1667
4751,1729,1258
4752,1729,1684
4753,1730,1730
4754,1730,1437
4755,1730,1396
4756,1730,1106
4757,1730,1038
4758,1731,1731
4759,1731,1630
4760,1731,1610
4761,1731,1689
4762,1732,1732
4763,1732,1382
4764,1732,1658
4765,1732,1353
4766,1732,1558
4767,1733,1733
4768,1733,1381
4769,1733,932
4770,1733,1404
4771,1734,1734
4772,1735,1735
4773,1736,1736
4774,1737,1737
4775,1738,1738
4776,1739,1739
4777,1739,1625
4778,1739,1688
4779,1739,1418
4780,1739,1635
4781,1740,1740
4782,1740,1337
4783,1741,1741
4784,1741,1674
4785,1741,1692
4786,1742,1742
4787,1742,1366
4788,1743,1743
4789,1744,1744
4790,1745,1745
4791,1745,1754
4792,1745,1763
4793,1746,1746
4794,1747,1747
4795,1747,1794
4796,1747,1280
4797,1748,1748
4798,1748,748
4799,1749,1749
4800,1749,1830
4801,1749,1280
4802,1749,855
4803,1750,1750
4804,1750,1817
4805,1750,1086
4806,1751,1751
4807,1751,1792
4808,1752,1752
4809,1752,1724
4810,1753,1753
4811,1754,1754
4812,1754,1745
4813,1754,1757
4814,1755,1755
4815,1755,1282
4816,1756,1756
4817,1756,1819
4818,1757,1757
4819,1757,1714
4820,1757,1754
4821,1757,1692
4822,1757,1763
4823,1758,1758
4824,1759,1759
4825,1760,1760
4826,1760,1206
4827,1760,1093
4828,1761,1761
4829,1762,1762
4830,1762,1566
4831,1763,1763
4832,1763,1380
4833,1763,1690
4834,1763,1745
4835,1763,1757
4836,1764,1764
4837,1764,16
4838,1764,1819
4839,1765,1765
4840,1765,387
4841,1766,1766
4842,1766,657
4843,1766,1455
4844,1767,1767
4845,1768,1768
4846,1769,1769
4847,1769,1747
4848,1770,1770
4849,1771,1771
4850,1771,1710
4851,1771,1782
4852,1772,1772
4853,1773,1773
4854,1773,1262
4855,1773,1387
4856,1774,1774
4857,1774,1707
4858,1775,1775
4859,1775,1626
4860,1776,1776
4861,1777,1777
4862,1777,774
4863,1778,1778
4864,1778,1639
4865,1779,1779
4866,1779,1806
4867,1779,1835
4868,1779,1825
4869,1779,1826
4870,1780,1780
4871,1781,1781
4872,1782,1782
4873,1782,1710
4874,1782,1771
4875,1782,532
4876,1783,1783
4877,1783,1076
4878,1783,1224
4879,1784,1784
4880,1784,1405
4881,1784,51
4882,1785,1785
4883,1785,1620
4884,1785,940
4885,1786,1786
4886,1787,1787
4887,1788,1788
4888,1788,387
4889,1789,1789
4890,1790,1790
4891,1790,1796
4892,1791,1791
4893,1791,1713
4894,1791,635
4895,1792,1792
4896,1792,845
4897,1793,1793
4898,1794,1794
4899,1794,1747
4900,1794,1206
4901,1795,1795
4902,1795,703
4903,1795,411
4904,1795,485
4905,1796,1796
4906,1797,1797
4907,1798,1798
4908,1799,1799
4909,1800,1800
4910,1800,1637
4911,1801,1801
4912,1802,1802
4913,1803,1803
4914,1804,1804
4915,1804,1812
4916,1805,1805
4917,1805,1187
4918,1806,1806
4919,1806,1826
4920,1806,1835
4921,1806,1779
4922,1806,1825
4923,1807,1807
4924,1807,1839
4925,1807,435
4926,1807,1819
4927,1807,249
4928,1808,1808
4929,1809,1809
4930,1809,1553
4931,1810,1810
4932,1810,1774
4933,1810,1792
4934,1811,1811
4935,1811,1340
4936,1811,1652
4937,1812,1812
4938,1812,1804
4939,1812,1747
4940,1812,1809
4941,1812,1774
4942,1813,1813
4943,1813,1796
4944,1814,1814
4945,1814,1300
4946,1814,1325
4947,1815,1815
4948,1815,1097
4949,1816,1816
4950,1817,1817
4951,1817,1750
4952,1817,1093
4953,1818,1818
4954,1818,1101
4955,1819,1819
4956,1819,1756
4957,1819,1764
4958,1819,1807
4959,1819,249
4960,1820,1820
4961,1820,1025
4962,1821,1821
4963,1822,1822
4964,1822,1519
4965,1822,1095
4966,1823,1823
4967,1824,1824
4968,1825,1825
4969,1825,1826
4970,1825,1806
4971,1825,1779
4972,1826,1826
4973,1826,1806
4974,1826,1825
4975,1826,1835
4976,1826,1779
4977,1827,1827
4978,1827,1243
4979,1828,1828
4980,1828,1097
4981,1828,1095
4982,1829,1829
4983,1830,1830
4984,1830,1749
4985,1831,1831
4986,1832,1832
4987,1832,81
4988,1832,1557
4989,1833,1833
4990,1834,1834
4991,1835,1835
4992,1835,1840
4993,1835,1806
4994,1835,1826
4995,1835,1779
4996,1836,1836
4997,1837,1837
4998,1838,1838
4999,1838,289
5000,1839,1839
5001,1839,480
5002,1839,1807
5003,1840,1840
5004,1840,1835
